song_id,song_name,popularity,duration,track_number,song_url
1ZPVEo8RfmrEz8YAD5n6rW,Lantas,79,3.9034,6,https://open.spotify.com/track/1ZPVEo8RfmrEz8YAD5n6rW
6cChz3Pak7UtjuVJJRZmCm,Sialan,75,4.018133333333333,6,https://open.spotify.com/track/6cChz3Pak7UtjuVJJRZmCm
1csKczcJqOSdK8JriLMpDW,Tampar,75,3.3804,12,https://open.spotify.com/track/1csKczcJqOSdK8JriLMpDW
6Npkwd5gv61SR6QZbTyNf9,Lampu Kuning,77,3.990266666666667,7,https://open.spotify.com/track/6Npkwd5gv61SR6QZbTyNf9
4xmSDYn5n9Gu6mH6FSJDhf,Tak Di Tanganku,75,3.87305,1,https://open.spotify.com/track/4xmSDYn5n9Gu6mH6FSJDhf
3Jby9Ezr1E7wCsXe0Dexa6,Tanpa Tergesa,72,3.640083333333333,10,https://open.spotify.com/track/3Jby9Ezr1E7wCsXe0Dexa6
0uTJacQiXYN5EZqBCoSCOz,Bukan Orangnya,72,3.1767,2,https://open.spotify.com/track/0uTJacQiXYN5EZqBCoSCOz
7t8R5hCOyOKOhEKnbziUgg,Asing,69,3.2172666666666667,1,https://open.spotify.com/track/7t8R5hCOyOKOhEKnbziUgg
7st3cap09aLwD2xKVZq9mz,HAHAHA,67,3.23265,5,https://open.spotify.com/track/7st3cap09aLwD2xKVZq9mz
4GHzE0rDsSkbj6V6UXZTLc,Terlalu Tinggi,68,4.64445,11,https://open.spotify.com/track/4GHzE0rDsSkbj6V6UXZTLc
2wAiFWjRupWmnDkQcu91MF,Rumah Ke Rumah,78,4.6242833333333335,12,https://open.spotify.com/track/2wAiFWjRupWmnDkQcu91MF
2dIBMHByUGcNPzmYBJ6OAj,Evaluasi,76,3.24115,15,https://open.spotify.com/track/2dIBMHByUGcNPzmYBJ6OAj
5drW6PGRxkE6MxttzVLNk5,Secukupnya,75,3.4244333333333334,8,https://open.spotify.com/track/5drW6PGRxkE6MxttzVLNk5
7J0isBrUxhIYZVdrBOOlIh,Cincin,75,4.438833333333333,9,https://open.spotify.com/track/7J0isBrUxhIYZVdrBOOlIh
5DqSZFvWvSWg5eyCDi0CuW,Kita Ke Sana,72,4.71125,11,https://open.spotify.com/track/5DqSZFvWvSWg5eyCDi0CuW
3CBxVM0zGj41BQtE6m7gwb,Membasuh,68,6.2304,11,https://open.spotify.com/track/3CBxVM0zGj41BQtE6m7gwb
2SmKwCCSiUTjtR8I8rv6MS,"Berdansalah, Karir Ini Tak Ada Artinya",67,3.7403,12,https://open.spotify.com/track/2SmKwCCSiUTjtR8I8rv6MS
3kj14iUwv0rvTweOr9P2ut,Mata Air,66,3.7781,13,https://open.spotify.com/track/3kj14iUwv0rvTweOr9P2ut
1bcIiU5FWRa2IYBqx0bk67,Evakuasi,65,3.466666666666667,1,https://open.spotify.com/track/1bcIiU5FWRa2IYBqx0bk67
3QZgiXw3VyeSfFnhY7zpj1,Bayangkan Jika Kita Tidak Menyerah,65,3.22935,10,https://open.spotify.com/track/3QZgiXw3VyeSfFnhY7zpj1
4GfK1qOF3uBWidbPlTCQRL,Monokrom,77,3.5761166666666666,10,https://open.spotify.com/track/4GfK1qOF3uBWidbPlTCQRL
32Pdf9eyXDEMoClEJW6yYP,Interaksi,76,2.8333333333333335,4,https://open.spotify.com/track/32Pdf9eyXDEMoClEJW6yYP
2hHeGD57S0BcopfVcmehdl,Hati-Hati di Jalan,75,4.033333333333333,8,https://open.spotify.com/track/2hHeGD57S0BcopfVcmehdl
2FaquTc3FYvNm7RuO1gD6O,Langit Abu-Abu,71,3.3825,7,https://open.spotify.com/track/2FaquTc3FYvNm7RuO1gD6O
2qgjqbi96IAOBzZFC6H57U,Diri,70,4.0,9,https://open.spotify.com/track/2qgjqbi96IAOBzZFC6H57U
2x9UGhofPBZdeam4uZCUID,1000 Tahun Lamanya,66,3.870433333333333,1,https://open.spotify.com/track/2x9UGhofPBZdeam4uZCUID
3B4VP6swG49n3scg2aMfA6,Pamit,65,3.8752666666666666,2,https://open.spotify.com/track/3B4VP6swG49n3scg2aMfA6
0pDmW5AOpl1Wi58Ob0xXB8,Labirin,65,3.0442666666666667,1,https://open.spotify.com/track/0pDmW5AOpl1Wi58Ob0xXB8
1vT1rKlEzvT9r0uYwAuwC8,Manusia Kuat,64,3.0766666666666667,1,https://open.spotify.com/track/1vT1rKlEzvT9r0uYwAuwC8
5TReP8XK4aTOe2m44ZjQqz,Tujuh Belas,64,4.243333333333333,1,https://open.spotify.com/track/5TReP8XK4aTOe2m44ZjQqz
25M9piWxSsq0xLcjQW5yz6,Bawa Dia Kembali,78,3.77955,3,https://open.spotify.com/track/25M9piWxSsq0xLcjQW5yz6
6XKEElbr3cWmnUw6a5HRBV,Mati-Matian,76,4.06895,1,https://open.spotify.com/track/6XKEElbr3cWmnUw6a5HRBV
5bY4g7cLyasuuhthJ7Mdlh,Sampai Menutup Mata,73,4.144433333333334,1,https://open.spotify.com/track/5bY4g7cLyasuuhthJ7Mdlh
6O0WEM0QNEhqpU50BKui7o,Sial,73,4.0620666666666665,7,https://open.spotify.com/track/6O0WEM0QNEhqpU50BKui7o
0R6KCq5TLJB3gi2ragMrXZ,Sisa Rasa,72,4.247716666666666,8,https://open.spotify.com/track/0R6KCq5TLJB3gi2ragMrXZ
6gARWk9hXgTUImaKUsTu6w,Bohongi Hati,71,4.379216666666666,5,https://open.spotify.com/track/6gARWk9hXgTUImaKUsTu6w
6H7lvP0NgAF39Rn3qve4Og,Melawan Restu,68,3.6666666666666665,6,https://open.spotify.com/track/6H7lvP0NgAF39Rn3qve4Og
6qolkjGnFjsui0h0bosp9p,Kisah Sempurna,66,4.600316666666667,10,https://open.spotify.com/track/6qolkjGnFjsui0h0bosp9p
2EijGQoEilhHWlQWMoS9Jc,Bermuara,65,4.791083333333333,1,https://open.spotify.com/track/2EijGQoEilhHWlQWMoS9Jc
4D41thx2lQiCY2r0QsfVYc,Aku Yang Salah,63,4.19255,1,https://open.spotify.com/track/4D41thx2lQiCY2r0QsfVYc
0PtJbtW50jcvvswNPn3QGd,Serana,79,4.166666666666667,5,https://open.spotify.com/track/0PtJbtW50jcvvswNPn3QGd
6AyBbSvcR2ZwTeR30I4jb9,Jakarta Hari Ini,75,3.683333333333333,7,https://open.spotify.com/track/6AyBbSvcR2ZwTeR30I4jb9
3GdN5n6p34yFMd12WKq8jL,Penyangkalan,73,4.010116666666667,1,https://open.spotify.com/track/3GdN5n6p34yFMd12WKq8jL
33UIshRVxXEBzITjCzo6al,Sadrah,69,4.116783333333333,1,https://open.spotify.com/track/33UIshRVxXEBzITjCzo6al
0Efmh8yhqenqZ6WohgLxR5,Pulang,64,4.565333333333333,8,https://open.spotify.com/track/0Efmh8yhqenqZ6WohgLxR5
20RyUmtp32IZ52AqGH2B01,Ada Selamanya,62,3.3652166666666665,1,https://open.spotify.com/track/20RyUmtp32IZ52AqGH2B01
7xETTGfeFIDCbCGX20YhR5,Jentaka,58,4.133333333333334,3,https://open.spotify.com/track/7xETTGfeFIDCbCGX20YhR5
4HNAVQRqIWIm6T1r4P2317,Untuk Siapa?,57,3.1666666666666665,6,https://open.spotify.com/track/4HNAVQRqIWIm6T1r4P2317
4EYK0suibSo3Fl7RawPChQ,Jeda,57,3.966666666666667,4,https://open.spotify.com/track/4EYK0suibSo3Fl7RawPChQ
11JHhRhXGfct6c41wYbKti,Semula,55,3.9471666666666665,1,https://open.spotify.com/track/11JHhRhXGfct6c41wYbKti
5MIpcd16T59wFeqAChSYwC,Duka,79,5.419116666666667,1,https://open.spotify.com/track/5MIpcd16T59wFeqAChSYwC
0fiKmieZ6xzoolzNOC3Fxi,Sekuat Hatimu,74,4.729333333333333,5,https://open.spotify.com/track/0fiKmieZ6xzoolzNOC3Fxi
2vzpoecVhBE1pKtHzKONaN,Seluruh Nafas Ini,73,4.872283333333334,3,https://open.spotify.com/track/2vzpoecVhBE1pKtHzKONaN
4HPxh6IkRxCkb3T06Pltch,Diary Depresiku,72,5.2941666666666665,2,https://open.spotify.com/track/4HPxh6IkRxCkb3T06Pltch
1imyB3ufkQTtOnD2PYUSuu,Bernafas Tanpamu,71,4.933216666666667,5,https://open.spotify.com/track/1imyB3ufkQTtOnD2PYUSuu
3z2Kcl9Oz1IxSgVoKN6RXo,Tak Pernah Ternilai,67,4.21705,1,https://open.spotify.com/track/3z2Kcl9Oz1IxSgVoKN6RXo
5xtZ0Zz2J2ugaO6w6yC48w,Pedih,63,4.63675,7,https://open.spotify.com/track/5xtZ0Zz2J2ugaO6w6yC48w
1Fi8jAQk4oVQKv2j7TPSz5,Saat Saat Itu,63,3.10015,1,https://open.spotify.com/track/1Fi8jAQk4oVQKv2j7TPSz5
47fft3IJn3KKpC1nrJnOBg,Percayalah - New,59,3.7599,4,https://open.spotify.com/track/47fft3IJn3KKpC1nrJnOBg
3V38fhMHZvF8blUSepXWcn,Lagu Terakhir Untukmu,59,3.4869166666666667,5,https://open.spotify.com/track/3V38fhMHZvF8blUSepXWcn
630DpnzdfjdVqv2yLfPbAX,Bertaut,78,5.266,6,https://open.spotify.com/track/630DpnzdfjdVqv2yLfPbAX
3ymuBMTviroWLuf1jMsMVf,Sorai,72,4.638883333333333,1,https://open.spotify.com/track/3ymuBMTviroWLuf1jMsMVf
4rcuS31IcZynp91dqvmhmA,Semua Aku Dirayakan,70,5.177083333333333,5,https://open.spotify.com/track/4rcuS31IcZynp91dqvmhmA
0zAtj0BEvpulETGrk95NPQ,Rayuan Perempuan Gila,69,5.333333333333333,3,https://open.spotify.com/track/0zAtj0BEvpulETGrk95NPQ
3FPlY1uqTe1oFfIgI0BnoA,Beranjak Dewasa,68,4.960283333333333,5,https://open.spotify.com/track/3FPlY1uqTe1oFfIgI0BnoA
1q1dsfckKMgjfr8DfdeKfs,Amin Paling Serius,66,5.0633333333333335,8,https://open.spotify.com/track/1q1dsfckKMgjfr8DfdeKfs
1tqPw8Hf88h24Bpt2SzuYE,Di Akhir Perang,66,3.9702333333333333,7,https://open.spotify.com/track/1tqPw8Hf88h24Bpt2SzuYE
6Dh1zHQjEaOp29VW9pp3xG,Taruh,65,4.164866666666667,7,https://open.spotify.com/track/6Dh1zHQjEaOp29VW9pp3xG
04IXeEjiQ4kdS7JJF9pjxT,Kekal,63,4.6738,6,https://open.spotify.com/track/04IXeEjiQ4kdS7JJF9pjxT
75OokMC3JzPnRNXcLTAKdr,Mendarah,62,4.039383333333333,9,https://open.spotify.com/track/75OokMC3JzPnRNXcLTAKdr
3FwQ3RYYEekzjEeL3jdpUZ,Pesan Terakhir,79,4.354983333333333,8,https://open.spotify.com/track/3FwQ3RYYEekzjEeL3jdpUZ
66L6oBm77vpXuLCRX31iNX,Tak Dianggap,70,2.99735,2,https://open.spotify.com/track/66L6oBm77vpXuLCRX31iNX
3zmN19fLAcKeDaajrIdWLB,Terlalu Cinta,73,4.317333333333333,1,https://open.spotify.com/track/3zmN19fLAcKeDaajrIdWLB
778yZPIEqLgL4qSi2zUh9F,Tak Selalu Memiliki - Ipar Adalah Maut Original Soundtrack,67,4.34285,1,https://open.spotify.com/track/778yZPIEqLgL4qSi2zUh9F
1jKyWssDMP83VtugbwCJ6g,Malu Malu Tapi Nyaman,69,3.6657166666666665,3,https://open.spotify.com/track/1jKyWssDMP83VtugbwCJ6g
29lBFGkfr7EoJlb3lxi9Ij,Menyesal,65,3.3909,1,https://open.spotify.com/track/29lBFGkfr7EoJlb3lxi9Ij
0hWOTHNAqqE5IsEAeylbqf,Sang Dewi,57,4.133216666666667,6,https://open.spotify.com/track/0hWOTHNAqqE5IsEAeylbqf
2bRNul3hyw1PSb7HoYLVPY,Sampaikan Rindu,64,4.463766666666666,7,https://open.spotify.com/track/2bRNul3hyw1PSb7HoYLVPY
0DjsS2osWXl1k3O1E96YHd,Ego,56,4.569216666666667,5,https://open.spotify.com/track/0DjsS2osWXl1k3O1E96YHd
483I1QLE05iH81ReYgF2BK,Ada,59,3.51335,1,https://open.spotify.com/track/483I1QLE05iH81ReYgF2BK
1AoBdDIOp6RFjAbzcPbWi8,Janji Setia,76,4.35,7,https://open.spotify.com/track/1AoBdDIOp6RFjAbzcPbWi8
3nHxZEe1dT7zs73DG6pNll,Usai,71,3.62,1,https://open.spotify.com/track/3nHxZEe1dT7zs73DG6pNll
6L1jkVbb331DNvK89C3L8u,Masih Hatiku,71,4.37235,1,https://open.spotify.com/track/6L1jkVbb331DNvK89C3L8u
1PuhA9UXgH4wRnXzYk5S2Z,Kupu - Kupu,71,4.034833333333333,1,https://open.spotify.com/track/1PuhA9UXgH4wRnXzYk5S2Z
3Ysf0Y3iu23mrDsVh1mdu0,Merasa Indah,69,3.6708333333333334,4,https://open.spotify.com/track/3Ysf0Y3iu23mrDsVh1mdu0
53fKDMfQhWMSw7QKVDOTBP,Cintanya Aku,68,3.902083333333333,1,https://open.spotify.com/track/53fKDMfQhWMSw7QKVDOTBP
4b3k28lrqT1YxyV6z6qEpe,Bukan Untukku,66,3.8813333333333335,1,https://open.spotify.com/track/4b3k28lrqT1YxyV6z6qEpe
3diRmt2Z6xSEaT0mqBr681,Lagu Pernikahan Kita,63,4.357933333333333,1,https://open.spotify.com/track/3diRmt2Z6xSEaT0mqBr681
3tri5XrdkhTT8dXPhWXZDa,Cantik,62,4.014366666666667,3,https://open.spotify.com/track/3tri5XrdkhTT8dXPhWXZDa
21acb66djKRlDPJOXRBCkc,Take A Chance With Me,76,5.06555,12,https://open.spotify.com/track/21acb66djKRlDPJOXRBCkc
4x2PkqSLtuwv53hLqq4GiY,Backburner,74,3.9422166666666665,3,https://open.spotify.com/track/4x2PkqSLtuwv53hLqq4GiY
7ipqVwkp2MhZv0Ojzqy1NV,lowkey,74,2.855916666666667,1,https://open.spotify.com/track/7ipqVwkp2MhZv0Ojzqy1NV
68HocO7fx9z0MgDU0ZPHro,Every Summertime,74,3.5947666666666667,1,https://open.spotify.com/track/68HocO7fx9z0MgDU0ZPHro
0e2wfbDK7ppotqyUWD7qs8,La La Lost You - Acoustic Version,73,3.4751666666666665,1,https://open.spotify.com/track/0e2wfbDK7ppotqyUWD7qs8
0XZW4ZKXOwo9kCyDpXGNc7,Oceans & Engines,73,5.6,10,https://open.spotify.com/track/0XZW4ZKXOwo9kCyDpXGNc7
2uOEendbLHR18khIbwooJ1,The Apartment We Won't Share,68,2.497333333333333,5,https://open.spotify.com/track/2uOEendbLHR18khIbwooJ1
0W5o1Kxw1VlohSajPqeBMF,Autumn,68,3.88,9,https://open.spotify.com/track/0W5o1Kxw1VlohSajPqeBMF
1PASE7Ext8mjvfNE6UtApD,Did You Like Her In The Morning?,60,3.6211,5,https://open.spotify.com/track/1PASE7Ext8mjvfNE6UtApD
6fNQDsCq6LWfwTZnXl2Xsg,High School in Jakarta,66,3.6506666666666665,2,https://open.spotify.com/track/6fNQDsCq6LWfwTZnXl2Xsg
3ZyMRe0jlSqffPBMeHUZFX,Kangen,69,5.008533333333333,8,https://open.spotify.com/track/3ZyMRe0jlSqffPBMeHUZFX
5JESuE80fvausWHjcT9QVh,Aku Milikmu,70,5.54555,1,https://open.spotify.com/track/5JESuE80fvausWHjcT9QVh
6JusI70TeT9M2O1MXyXRRv,Separuh Nafas,67,3.700483333333333,11,https://open.spotify.com/track/6JusI70TeT9M2O1MXyXRRv
0MYAQRR7ZIIE1QD0rFgcMI,Risalah Hati,66,5.7647,1,https://open.spotify.com/track/0MYAQRR7ZIIE1QD0rFgcMI
2zcPAFEc7mhULI9PZMBWUx,Dewi,63,4.35605,9,https://open.spotify.com/track/2zcPAFEc7mhULI9PZMBWUx
35E6odHU6yHAN0harHjemH,Roman Picisan,61,4.0836,10,https://open.spotify.com/track/35E6odHU6yHAN0harHjemH
6MwIBSBiAMGomp4I80Xkgw,Cinta 'Kan Membawamu Kembali,62,4.322216666666667,6,https://open.spotify.com/track/6MwIBSBiAMGomp4I80Xkgw
112PgZaSiXk8Mqem2Krgtq,Selimut Hati,60,4.654816666666667,7,https://open.spotify.com/track/112PgZaSiXk8Mqem2Krgtq
3PHc0M7QXIwPUDnZ9dBVCu,Aku Cinta Kau Dan Dia,60,4.720233333333334,1,https://open.spotify.com/track/3PHc0M7QXIwPUDnZ9dBVCu
2uBmcHPBZtskiCQhCgmSs0,Larut,58,4.133916666666667,3,https://open.spotify.com/track/2uBmcHPBZtskiCQhCgmSs0
0daEJMXc3b4ZMTnvtHpuTt,Nina,74,4.6324,8,https://open.spotify.com/track/0daEJMXc3b4ZMTnvtHpuTt
4YxEeCKhUl1DawPzsxCPbq,Peradaban,68,5.65,1,https://open.spotify.com/track/4YxEeCKhUl1DawPzsxCPbq
4XHijJfABTtUCW3Bp6KFvr,Tarot,66,4.81635,12,https://open.spotify.com/track/4XHijJfABTtUCW3Bp6KFvr
38yM3PwNtTSsb8UqEgqaUl,Kami Belum Tentu,64,3.8885,1,https://open.spotify.com/track/38yM3PwNtTSsb8UqEgqaUl
1OGXIoBfCR3vQSgcMY9Or4,Berita Kehilangan,63,4.330866666666667,1,https://open.spotify.com/track/1OGXIoBfCR3vQSgcMY9Or4
2WXXgjU6foIi4FBIPDMf9t,"o,Tuan",62,5.0978,6,https://open.spotify.com/track/2WXXgjU6foIi4FBIPDMf9t
1LDYaddflYM0ht2DnSLS4s,Arteri,59,4.504033333333333,4,https://open.spotify.com/track/1LDYaddflYM0ht2DnSLS4s
7ywPDpN6mmGK8bqTH1Bgxf,Gelora,58,3.052233333333333,1,https://open.spotify.com/track/7ywPDpN6mmGK8bqTH1Bgxf
5vyvUHRYcvFx6aINr6xDpr,Tarian Penghancur Raya,57,4.0,1,https://open.spotify.com/track/5vyvUHRYcvFx6aINr6xDpr
3Li1q9Z1AyDQbpadhERTPU,Gugatan Rakyat Semesta,55,4.43585,5,https://open.spotify.com/track/3Li1q9Z1AyDQbpadhERTPU
5H4MSA6eIr6x1iBTn1vpMG,Semenjak Ada Dirimu,73,3.7826,1,https://open.spotify.com/track/5H4MSA6eIr6x1iBTn1vpMG
4p5UcsOpnSYwqYnThBpDjD,Mata Ke Hati (Acoustic Version),72,3.4048833333333333,10,https://open.spotify.com/track/4p5UcsOpnSYwqYnThBpDjD
3O9OibrJm0vSYxZjz3Pooe,Remaja,71,3.640433333333333,6,https://open.spotify.com/track/3O9OibrJm0vSYxZjz3Pooe
1uF0XYWWeoWEWipY855GxT,Siapkah Kau 'Tuk Jatuh Cinta Lagi,68,4.666633333333333,1,https://open.spotify.com/track/1uF0XYWWeoWEWipY855GxT
3ZwqWrRpylU9nfy99qwKdR,Pelangi,68,3.6271,7,https://open.spotify.com/track/3ZwqWrRpylU9nfy99qwKdR
6B3klWr5zdlEUdqFm89Czb,Satu-Satunya,66,4.928333333333334,2,https://open.spotify.com/track/6B3klWr5zdlEUdqFm89Czb
1Q9Jzgs6X0EtNtfq1lOqgH,Indahnya Dirimu,62,4.9171,3,https://open.spotify.com/track/1Q9Jzgs6X0EtNtfq1lOqgH
3x3rREiGYpZFooxt9OZMAy,Kereta Kencan,61,4.296,8,https://open.spotify.com/track/3x3rREiGYpZFooxt9OZMAy
3Mg26UNAwypiZvlZRDGCLP,Gadis Sampul,60,3.6957666666666666,4,https://open.spotify.com/track/3Mg26UNAwypiZvlZRDGCLP
1Ml2eaYgtXPdklPnZeVqqv,Mata Ke Hati,59,3.990883333333333,7,https://open.spotify.com/track/1Ml2eaYgtXPdklPnZeVqqv
1MdjZzEInrmDBXf8zs0nKS,Dan...,70,4.811766666666666,6,https://open.spotify.com/track/1MdjZzEInrmDBXf8zs0nKS
1BaGfrlIWinaF77p7QASBH,Seberapa Pantas,68,4.02155,3,https://open.spotify.com/track/1BaGfrlIWinaF77p7QASBH
1nfOP7xNHeFSPOlziXswJc,Hari Bersamanya,67,3.878433333333333,5,https://open.spotify.com/track/1nfOP7xNHeFSPOlziXswJc
0HiNUFD2ovdPC2p5tbnzCG,Kita,65,4.6111,2,https://open.spotify.com/track/0HiNUFD2ovdPC2p5tbnzCG
5gkTGkjFB5wAd3mSBEcQPY,Sephia,65,4.925333333333334,3,https://open.spotify.com/track/5gkTGkjFB5wAd3mSBEcQPY
4NmiNWf3mFp078EFfvvgnr,Sebuah Kisah Klasik,63,4.03955,5,https://open.spotify.com/track/4NmiNWf3mFp078EFfvvgnr
2BCYKFDWnZi9PMkZiemQh1,Film Favorit,62,3.725,1,https://open.spotify.com/track/2BCYKFDWnZi9PMkZiemQh1
41OCQS2Mul3MluLUUsfadr,Anugerah Terindah Yang Pernah Kumiliki,61,4.467333333333333,4,https://open.spotify.com/track/41OCQS2Mul3MluLUUsfadr
7Hun5YHQ5TEe9j97cU5XPg,Melompat Lebih Tinggi,61,3.302216666666667,1,https://open.spotify.com/track/7Hun5YHQ5TEe9j97cU5XPg
1Ib0UNLoqBEWTmBvXeFSni,Pemuja Rahasia,60,3.8817666666666666,3,https://open.spotify.com/track/1Ib0UNLoqBEWTmBvXeFSni
6gjkHuMOR0CrN7Vb2NoEdg,Anugerah Terindah,76,4.703333333333333,10,https://open.spotify.com/track/6gjkHuMOR0CrN7Vb2NoEdg
75PlPerpoh1Bgeo7wA61RC,Andaikan Kau Datang,67,4.1244,8,https://open.spotify.com/track/75PlPerpoh1Bgeo7wA61RC
4TPtPQIPMjWoRuZj4JLPDw,Cinta Luar Biasa,67,4.293333333333333,1,https://open.spotify.com/track/4TPtPQIPMjWoRuZj4JLPDw
5zEBoIoXuyW11jRZPh8yTH,Bisa Tanpamu,62,4.1775,3,https://open.spotify.com/track/5zEBoIoXuyW11jRZPh8yTH
0qGWdzIbvxO1QsUiwfAoNz,Hanya Rindu,63,4.200916666666667,5,https://open.spotify.com/track/0qGWdzIbvxO1QsUiwfAoNz
3nlpqcuF0zqWwkS5eRnAyg,Jangan Rubah Takdirku,60,3.91355,6,https://open.spotify.com/track/3nlpqcuF0zqWwkS5eRnAyg
1li6ZfdoeHY0STg2hU2pkE,Nyaman,60,3.7724166666666665,2,https://open.spotify.com/track/1li6ZfdoeHY0STg2hU2pkE
2NHiy6rZOvm7XFMAIN7jxT,Senyumlah,59,3.5265666666666666,8,https://open.spotify.com/track/2NHiy6rZOvm7XFMAIN7jxT
6iM8eGKLgWzoHmsdak2Nty,Kumau Dia,59,4.270433333333333,3,https://open.spotify.com/track/6iM8eGKLgWzoHmsdak2Nty
62Ga6ylfUQl469DkZ3P7L7,Talalu Sakit,52,5.256633333333333,12,https://open.spotify.com/track/62Ga6ylfUQl469DkZ3P7L7
6Hii26x3qDErVitnGW8QtO,Runtuh,78,3.7328833333333336,1,https://open.spotify.com/track/6Hii26x3qDErVitnGW8QtO
6xeqCawPZngDVqw2W2aGaR,Kembali Pulang,76,3.4649666666666668,1,https://open.spotify.com/track/6xeqCawPZngDVqw2W2aGaR
2dTIJVE0stqTvrhbpf7fFw,Halu,66,4.42895,2,https://open.spotify.com/track/2dTIJVE0stqTvrhbpf7fFw
5GgRntbjr23OK9MMST02di,Usik,65,5.1916,5,https://open.spotify.com/track/5GgRntbjr23OK9MMST02di
2mGGmw0htjUmy2Saf2i6RZ,Liar Angin,55,3.8325833333333335,7,https://open.spotify.com/track/2mGGmw0htjUmy2Saf2i6RZ
2WKS8Tk8OwHnAY847eq1Xr,Tanpa Pamrih,49,3.5494666666666665,1,https://open.spotify.com/track/2WKS8Tk8OwHnAY847eq1Xr
4yDpYEuT1mQn3ZcEB1gceL,Dear Diary,48,3.6809333333333334,4,https://open.spotify.com/track/4yDpYEuT1mQn3ZcEB1gceL
1lZG3vqLkaEoW5IMIJ7y76,Negeriku - Collabonation Version,48,5.194533333333333,1,https://open.spotify.com/track/1lZG3vqLkaEoW5IMIJ7y76
6xKg948XDmszEygPYYUMIP,Semoga Ada Waktu Luang,46,3.99045,2,https://open.spotify.com/track/6xKg948XDmszEygPYYUMIP
6pk0iPvgjY4zLlVVcAh153,bagai bintang bulan,46,4.7,4,https://open.spotify.com/track/6pk0iPvgjY4zLlVVcAh153
5NmjnghJGJRFg34KGGx8O0,Seandainya,78,4.390116666666667,11,https://open.spotify.com/track/5NmjnghJGJRFg34KGGx8O0
5NVPptNO7R25ERR1pM7GOz,Rasa ini,72,4.003116666666667,7,https://open.spotify.com/track/5NVPptNO7R25ERR1pM7GOz
64004K6OpNt3gI3LtXYC7n,Terlalu Lama,68,4.1316,2,https://open.spotify.com/track/64004K6OpNt3gI3LtXYC7n
21eHgdUt3z5JymCne7WiNN,Perih,67,3.335933333333333,2,https://open.spotify.com/track/21eHgdUt3z5JymCne7WiNN
5oy5qoCYSSsf3nOEe9aIYZ,Kesepian,67,4.16565,3,https://open.spotify.com/track/5oy5qoCYSSsf3nOEe9aIYZ
5XSMeKHqpTh6J0CKmpwXR6,Jadi Yang Kuinginkan,64,3.1331333333333333,8,https://open.spotify.com/track/5XSMeKHqpTh6J0CKmpwXR6
4ZWFs9951mmbXwEwu2MWEY,Bersamamu,60,4.20435,3,https://open.spotify.com/track/4ZWFs9951mmbXwEwu2MWEY
7AimCeId840zuaWl8RBAzT,Dengarkan Curhatku,53,2.5170333333333335,1,https://open.spotify.com/track/7AimCeId840zuaWl8RBAzT
35vw3FECIiK3sUQ5XfgsNp,Takut,52,3.3545,1,https://open.spotify.com/track/35vw3FECIiK3sUQ5XfgsNp
1L3W6mjrIBvyvVkCM8RN40,Semua Tentangmu,50,3.7910333333333335,6,https://open.spotify.com/track/1L3W6mjrIBvyvVkCM8RN40
3xpMytpniCnjXCgy7TcFDw,Bawalah Cintaku,71,3.8891833333333334,5,https://open.spotify.com/track/3xpMytpniCnjXCgy7TcFDw
4RO9HkL5gStGYDofw0QWDX,Jodoh Pasti Bertemu,68,4.0872,2,https://open.spotify.com/track/4RO9HkL5gStGYDofw0QWDX
24Dk7XFLnMXYuv1U9Qjv3U,Ku Dengannya Kau Dengan Dia,69,4.482433333333334,11,https://open.spotify.com/track/24Dk7XFLnMXYuv1U9Qjv3U
7pnySx65jx0qm8ZmV6R56m,Bukan Cinta Biasa,69,4.191333333333334,3,https://open.spotify.com/track/7pnySx65jx0qm8ZmV6R56m
2JNkwar9orTpjlBoDgTXbJ,Percayalah,65,4.402216666666667,10,https://open.spotify.com/track/2JNkwar9orTpjlBoDgTXbJ
2n5MdJ8bdz4QYOTdeZaBd5,Panah Asmara,65,4.57565,11,https://open.spotify.com/track/2n5MdJ8bdz4QYOTdeZaBd5
2BIqdq5nGdZRB6qCS4YHDD,Untukmu Aku Bertahan,64,4.141183333333333,10,https://open.spotify.com/track/2BIqdq5nGdZRB6qCS4YHDD
6RxfiwKHEUCWSR7vRE4b5g,Kamu Yang Kutunggu,62,4.23355,3,https://open.spotify.com/track/6RxfiwKHEUCWSR7vRE4b5g
4z8CduM0gnyJxgLNrEvxEh,Wajahmu Mengalihkan Duniaku,63,3.1584333333333334,4,https://open.spotify.com/track/4z8CduM0gnyJxgLNrEvxEh
3YNMHA6FqeqWzZyw0JVyIi,Terima Kasih Cinta,60,4.1909,2,https://open.spotify.com/track/3YNMHA6FqeqWzZyw0JVyIi
0qjuyXWrksQxIRntqz9ZJV,Tanpa Cinta,75,4.2731,3,https://open.spotify.com/track/0qjuyXWrksQxIRntqz9ZJV
7er7WofjVw4QwPAyxH39jH,Menjaga Hati,71,3.9566666666666666,2,https://open.spotify.com/track/7er7WofjVw4QwPAyxH39jH
6LF44wAs3h0K67RitTAfr5,Sampai Akhir Waktu,70,3.58955,2,https://open.spotify.com/track/6LF44wAs3h0K67RitTAfr5
7DYQu1YIeFbQtBXBEOLfC5,Mengejar Mimpi,67,4.134433333333333,8,https://open.spotify.com/track/7DYQu1YIeFbQtBXBEOLfC5
3vN8A1HfOcytUpCiEm2qqI,Merindu Lagi (Pada Kekasih Orang),66,2.9924333333333335,4,https://open.spotify.com/track/3vN8A1HfOcytUpCiEm2qqI
2gTg860d3Ju5ZbmkVVjukZ,Manusia Biasa (CLB),64,3.791333333333333,3,https://open.spotify.com/track/2gTg860d3Ju5ZbmkVVjukZ
1OQyfW04HtxbKJykjlG3wD,Dia Milikku,63,3.532216666666667,1,https://open.spotify.com/track/1OQyfW04HtxbKJykjlG3wD
6eekwSXpB57v26oEzcAhcf,Janji Suci,61,3.3028833333333334,3,https://open.spotify.com/track/6eekwSXpB57v26oEzcAhcf
5It44CCAJpMBShYw1swvql,Sempat Memiliki,54,4.20155,11,https://open.spotify.com/track/5It44CCAJpMBShYw1swvql
54aLrbeFF2z98O4sbkdny1,Tak Setampan Romeo,50,3.63955,1,https://open.spotify.com/track/54aLrbeFF2z98O4sbkdny1
1mruWrUwAVe2XkksUQiaHK,Selamat (Selamat Tinggal),77,5.227833333333334,1,https://open.spotify.com/track/1mruWrUwAVe2XkksUQiaHK
5o6StwqqVfG3vRLx8UP310,Surat Cinta Untuk Starla,72,5.133933333333333,1,https://open.spotify.com/track/5o6StwqqVfG3vRLx8UP310
22k5lgD5F7Pc7BodEMzDrY,Saat Kau Telah Mengerti,68,4.84585,1,https://open.spotify.com/track/22k5lgD5F7Pc7BodEMzDrY
0O2GtSCle8Eujbc1Voh2VY,Bukti,68,4.74955,1,https://open.spotify.com/track/0O2GtSCle8Eujbc1Voh2VY
0z7jhodL97W88al5OI1zh1,Orang Yang Sama,66,4.4755666666666665,1,https://open.spotify.com/track/0z7jhodL97W88al5OI1zh1
3aI6hYm8OVAE5zNFJXlNJ3,Titik Balik di Hidupku,51,4.788116666666666,1,https://open.spotify.com/track/3aI6hYm8OVAE5zNFJXlNJ3
4lBPncN938dzMCaZDqJ27a,"Seluruh Nafas Ini (feat. Francis Karel, Yemima Grace) - New Version",55,4.607116666666666,4,https://open.spotify.com/track/4lBPncN938dzMCaZDqJ27a
6bbPyOykzlKf0Y784qKdQh,Maha Pemilik Hati,54,4.3220833333333335,1,https://open.spotify.com/track/6bbPyOykzlKf0Y784qKdQh
7tWLlTfLl6Lcy2OweV4GSs,Saat Hatiku Bertanya,52,3.629383333333333,1,https://open.spotify.com/track/7tWLlTfLl6Lcy2OweV4GSs
3pCt2wRdBDa2kCisIdHWgF,To the Bone,76,5.74285,7,https://open.spotify.com/track/3pCt2wRdBDa2kCisIdHWgF
77vx7sGjdqwdnQL968t8oY,Monolog,70,3.4536,16,https://open.spotify.com/track/77vx7sGjdqwdnQL968t8oY
1tS1dRfxIV9FzqdYTbJgMn,Kenangan Manis,69,3.4656166666666666,8,https://open.spotify.com/track/1tS1dRfxIV9FzqdYTbJgMn
7iTF9T1jum3Km6H6WMZpDC,One Only,67,4.2582,6,https://open.spotify.com/track/7iTF9T1jum3Km6H6WMZpDC
01beCqR9wsVnwzkAJZyTqq,I Love You but I'm Letting Go,64,3.669383333333333,14,https://open.spotify.com/track/01beCqR9wsVnwzkAJZyTqq
3biRFPQ3e2eD4kHoCaZoUg,Pupus,58,5.260866666666667,1,https://open.spotify.com/track/3biRFPQ3e2eD4kHoCaZoUg
27N6aK0HyweR6bqCuRDcP8,Putus,47,3.550116666666667,4,https://open.spotify.com/track/27N6aK0HyweR6bqCuRDcP8
4gW0fnArZ93uAElSkuw0PG,Sorry,51,3.118516666666667,5,https://open.spotify.com/track/4gW0fnArZ93uAElSkuw0PG
30WzWPV3Zi5ZJoSoftU30f,Closure,50,6.771766666666666,1,https://open.spotify.com/track/30WzWPV3Zi5ZJoSoftU30f
6zrnrcry6OHVFo3EDt6PYa,Rahasia Hati,72,4.1780333333333335,4,https://open.spotify.com/track/6zrnrcry6OHVFo3EDt6PYa
0gwOixLwtjRpnC52W7aHYR,Hapus Aku,73,4.209,2,https://open.spotify.com/track/0gwOixLwtjRpnC52W7aHYR
3bRNhchbnI0qJqO2TAvqmb,Sumpah Dan Cinta Matiku,70,4.760083333333333,1,https://open.spotify.com/track/3bRNhchbnI0qJqO2TAvqmb
0ejpHFKbEqTcNQ4OMBawrP,Laskar Pelangi,66,3.8792666666666666,12,https://open.spotify.com/track/0ejpHFKbEqTcNQ4OMBawrP
5DDP5oVJS1jRLnngJVzWG0,Biarlah,58,3.9737,2,https://open.spotify.com/track/5DDP5oVJS1jRLnngJVzWG0
5FHTGleM9Jg9BpQ2c0tf3N,Bila Aku Jatuh Cinta,53,3.9907333333333335,3,https://open.spotify.com/track/5FHTGleM9Jg9BpQ2c0tf3N
6UVUi1dGhFnyYBsakgT2Qq,Sudah,51,4.405583333333333,1,https://open.spotify.com/track/6UVUi1dGhFnyYBsakgT2Qq
5ljoPIZmzmXVoTdF7ebfwE,Rahasia Hati (New Version),50,4.32665,1,https://open.spotify.com/track/5ljoPIZmzmXVoTdF7ebfwE
7quso6g0wYYQG78mjmSyaI,Jangan Lupakan,48,4.792583333333333,3,https://open.spotify.com/track/7quso6g0wYYQG78mjmSyaI
3dADXDcVKZyWnT5wGS7SYc,Di Atas Awan,45,4.3034,3,https://open.spotify.com/track/3dADXDcVKZyWnT5wGS7SYc
5Vl0qvoR05RwOamV73C1Av,Waktu Yang Salah,66,5.399266666666667,8,https://open.spotify.com/track/5Vl0qvoR05RwOamV73C1Av
4O0OMqWfNx46cQ3QraORIz,Celengan Rindu,65,3.70475,1,https://open.spotify.com/track/4O0OMqWfNx46cQ3QraORIz
5vzRjB22yfvxZua0mknCo6,April,64,4.362433333333334,4,https://open.spotify.com/track/5vzRjB22yfvxZua0mknCo6
1GLThwjcNFGp2lc95wtiDw,Garis Terdepan,64,3.553933333333333,9,https://open.spotify.com/track/1GLThwjcNFGp2lc95wtiDw
5sgRYOTpFZRROlndD460KI,"Pelukku Untuk Pelikmu - OST Imperfect: Karier, Cinta, & Timbangan",59,4.158383333333333,1,https://open.spotify.com/track/5sgRYOTpFZRROlndD460KI
5CPOGxPM5UCbSAJXcCmPZ9,Nadir,49,4.96755,10,https://open.spotify.com/track/5CPOGxPM5UCbSAJXcCmPZ9
7H5rRPycGehn7n3JPItLn3,Juara Kedua,46,4.715833333333333,3,https://open.spotify.com/track/7H5rRPycGehn7n3JPItLn3
0AMNeUO8u7rvW7Xgauh16u,Sederhanamu Istimewa (Cinta tak Seindah Drama Korea Original Motion Picture Soundtrack),45,3.9457166666666668,1,https://open.spotify.com/track/0AMNeUO8u7rvW7Xgauh16u
5eBk8ZXcd0pb0AO4a5PpOg,Gala bunga matahari,75,3.494883333333333,14,https://open.spotify.com/track/5eBk8ZXcd0pb0AO4a5PpOg
1NzyVlr2fOWOfigbwDabme,Mesra-mesraannya kecil-kecilan dulu,65,3.4953166666666666,2,https://open.spotify.com/track/1NzyVlr2fOWOfigbwDabme
5Egm9N7FnzsThl1CFXB2mm,Kita usahakan rumah itu,62,3.5207333333333333,1,https://open.spotify.com/track/5Egm9N7FnzsThl1CFXB2mm
26aNjbOgTVrFZEx7was69A,Mencintaimu,64,4.56735,1,https://open.spotify.com/track/26aNjbOgTVrFZEx7was69A
0Y7dCFSIdB9vJ8nnVIAfuv,I'd like to watch you sleeping,63,5.15555,15,https://open.spotify.com/track/0Y7dCFSIdB9vJ8nnVIAfuv
71ZLnmvl1AUO0gqWvhPBw2,Dari planet lain,55,2.820333333333333,4,https://open.spotify.com/track/71ZLnmvl1AUO0gqWvhPBw2
1CVUWAC845LKEDHH0l8XG2,Serta Mulia,53,3.15,1,https://open.spotify.com/track/1CVUWAC845LKEDHH0l8XG2
3qhj6auEMIDhJv6oCHI9fJ,Yasudah,48,4.940033333333333,5,https://open.spotify.com/track/3qhj6auEMIDhJv6oCHI9fJ
5IgZ9Y4B9Dsi3VtIJSB75e,Bulan Yang Baik,51,4.429266666666667,1,https://open.spotify.com/track/5IgZ9Y4B9Dsi3VtIJSB75e
04tvOIuyk8y0QVA8Ta0UOd,Untuk Mencintaimu,71,3.4891,1,https://open.spotify.com/track/04tvOIuyk8y0QVA8Ta0UOd
4v9JJX3ZzuFFOKrMOYHTVZ,Tanpa Pesan Terakhir,70,4.8213333333333335,10,https://open.spotify.com/track/4v9JJX3ZzuFFOKrMOYHTVZ
7zcmeZ4Xt54ICq90anFSXq,Yang Tlah Merelakanmu,67,4.891333333333334,8,https://open.spotify.com/track/7zcmeZ4Xt54ICq90anFSXq
3YZQseFqB5LVy9VcfVv7dp,Jaga Slalu Hatimu,67,4.76555,2,https://open.spotify.com/track/3YZQseFqB5LVy9VcfVv7dp
1rq2b0GMPXfIdy2nezUAPN,Hal Terindah,65,4.2771,3,https://open.spotify.com/track/1rq2b0GMPXfIdy2nezUAPN
6IYoNF3OM00M8eJcjY9LuN,Menemukanmu,61,4.347766666666667,4,https://open.spotify.com/track/6IYoNF3OM00M8eJcjY9LuN
5iMfzmZXyTPJSuWA1Wg8Gi,Memikirkan Dia,59,4.222883333333334,3,https://open.spotify.com/track/5iMfzmZXyTPJSuWA1Wg8Gi
4C4i0foaBvHsv4XaXhNgrb,Selalu Mengalah,56,3.8037666666666667,2,https://open.spotify.com/track/4C4i0foaBvHsv4XaXhNgrb
3CN43LtX1MJNByRu2Yc32I,Ayah,55,4.023333333333333,10,https://open.spotify.com/track/3CN43LtX1MJNByRu2Yc32I
2iE5HPk4aVALAqU5pQNhto,Cinta Jangan Sembunyi,54,5.1128833333333334,4,https://open.spotify.com/track/2iE5HPk4aVALAqU5pQNhto
0urpBLpcm6DOGzs86rcKd8,Untuk Perempuan Yang Sedang Di Pelukan,74,5.7,3,https://open.spotify.com/track/0urpBLpcm6DOGzs86rcKd8
3AAAGS7iM1ekDywqdYMJG2,Akad,70,4.304683333333333,1,https://open.spotify.com/track/3AAAGS7iM1ekDywqdYMJG2
1k5vv2ood14aa5uBYWBlWh,Resah,64,4.0147,7,https://open.spotify.com/track/1k5vv2ood14aa5uBYWBlWh
43LZAANFvlIKMgcU4QiYBx,Angin Pujaan Hujan,63,3.5375,5,https://open.spotify.com/track/43LZAANFvlIKMgcU4QiYBx
1MDVXlgY8Of2n2otw57hw0,Di Atas Meja,62,5.49775,2,https://open.spotify.com/track/1MDVXlgY8Of2n2otw57hw0
7tZ69fC235bauF9Dyxk8Ps,Berdua Saja,60,4.45,1,https://open.spotify.com/track/7tZ69fC235bauF9Dyxk8Ps
6ctfCjsLBJfadmBH41SFkl,Menuju Senja,58,5.1071333333333335,2,https://open.spotify.com/track/6ctfCjsLBJfadmBH41SFkl
68rEYM1ZXIv0ozbxTTh8N1,Mari Bercerita,58,5.028616666666666,4,https://open.spotify.com/track/68rEYM1ZXIv0ozbxTTh8N1
4so9pTT3Sc5g6MikgT38Uo,Diam Keroncong,57,4.116666666666666,3,https://open.spotify.com/track/4so9pTT3Sc5g6MikgT38Uo
43RAe3WysFajPVjazxFa9x,Kucari Kamu,53,4.627766666666667,7,https://open.spotify.com/track/43RAe3WysFajPVjazxFa9x
3GgeWCaT8v7sfjy3WiM7xp,Jendela Kelas 1,62,3.5712166666666665,5,https://open.spotify.com/track/3GgeWCaT8v7sfjy3WiM7xp
7obj53PDpxszVdU35jVv5P,Yang Terlupakan,61,4.93655,8,https://open.spotify.com/track/7obj53PDpxszVdU35jVv5P
4C37eXjGS2L3zzFlZbm7ri,Tikus - Tikus Kantor,60,2.563466666666667,3,https://open.spotify.com/track/4C37eXjGS2L3zzFlZbm7ri
5SCPzBjZ81w5XadelUWbaf,Galang Rambu Anarki,61,3.8684333333333334,1,https://open.spotify.com/track/5SCPzBjZ81w5XadelUWbaf
63ExqZn1078DmwWzPaNLvv,Sore Tugu Pancoran,60,4.153266666666667,1,https://open.spotify.com/track/63ExqZn1078DmwWzPaNLvv
63aIxMhj5WU6yJSxT7zxEA,Surat Buat Wakil Rakyat,55,6.510866666666667,2,https://open.spotify.com/track/63aIxMhj5WU6yJSxT7zxEA
7af4P5FsSHsVdcvRsKiiis,Ujung Aspal Pondok Gede,54,5.145533333333334,3,https://open.spotify.com/track/7af4P5FsSHsVdcvRsKiiis
4TiolTayUoFbofihzIT8rM,Pesawat Tempurku,52,4.795683333333334,20,https://open.spotify.com/track/4TiolTayUoFbofihzIT8rM
1n9tH5BSsrztGUnvmHXiDs,Aku Sayang Kamu,56,4.32355,7,https://open.spotify.com/track/1n9tH5BSsrztGUnvmHXiDs
5NYJ8Fpnm3Ci1KsGeOjCt6,Mata Indah Bola Pingpong,54,4.4210666666666665,1,https://open.spotify.com/track/5NYJ8Fpnm3Ci1KsGeOjCt6
4sJmv194lQKWjytpaxH1Vj,Separuh Aku,72,4.4381,3,https://open.spotify.com/track/4sJmv194lQKWjytpaxH1Vj
0c9kI2G2rtBJ9Z2VYLD8k2,Menunggumu,65,3.7523333333333335,12,https://open.spotify.com/track/0c9kI2G2rtBJ9Z2VYLD8k2
742FUQO16gdvSWuFC6A40q,Bintang Di Surga,58,5.0186,8,https://open.spotify.com/track/742FUQO16gdvSWuFC6A40q
4WsbuFA2ZnSKzs0U22shaI,Walau Habis Terang,61,3.62385,7,https://open.spotify.com/track/4WsbuFA2ZnSKzs0U22shaI
2fvge3IXlShkfDDbhxKYkO,Tak Lagi Sama,59,5.264733333333333,9,https://open.spotify.com/track/2fvge3IXlShkfDDbhxKYkO
3mEoBjkivqArqpchxTDwJ7,"Hidup Untukmu, Mati Tanpamu",60,5.373083333333334,4,https://open.spotify.com/track/3mEoBjkivqArqpchxTDwJ7
1lqM76y0TREN56runS7zah,Yang Terdalam,58,3.3189,8,https://open.spotify.com/track/1lqM76y0TREN56runS7zah
4j4F6vkb8niNvoXA7MPP2d,Mungkin Nanti,59,4.489183333333333,2,https://open.spotify.com/track/4j4F6vkb8niNvoXA7MPP2d
2ySNSBrtLTQ9gjnWy0g20w,Menghapus Jejakmu,54,3.0378666666666665,1,https://open.spotify.com/track/2ySNSBrtLTQ9gjnWy0g20w
3EpdA4iksXLkdgNopkCCmm,Kisah Cintaku,45,4.492283333333333,8,https://open.spotify.com/track/3EpdA4iksXLkdgNopkCCmm
3OTbh1VVrhebUzDor9r4pH,Rumah Singgah,75,4.112166666666667,4,https://open.spotify.com/track/3OTbh1VVrhebUzDor9r4pH
4Trhv4MBai2ay6vF5ovC7g,Tanpa Rasa Bersalah,71,4.633333333333334,7,https://open.spotify.com/track/4Trhv4MBai2ay6vF5ovC7g
1pAum8mSIFYHL009Ke9pT6,Bertahan Terluka,70,4.01265,2,https://open.spotify.com/track/1pAum8mSIFYHL009Ke9pT6
7tPwtI9qBY7yoZtz35UYsN,Berharap Kau Kembali,66,4.3116666666666665,8,https://open.spotify.com/track/7tPwtI9qBY7yoZtz35UYsN
5hPv6XDaQzixDaYN0yRCFi,Mahir Memberi Luka,61,3.3797333333333333,5,https://open.spotify.com/track/5hPv6XDaQzixDaYN0yRCFi
5TFvDLLJZGgl4F9eJegCgd,Cinta Tak Pernah Tepat Waktu,56,3.5386333333333333,1,https://open.spotify.com/track/5TFvDLLJZGgl4F9eJegCgd
7EKp3CMq9Eb0TF8TLsDne4,Aku Memilihmu,55,3.861666666666667,1,https://open.spotify.com/track/7EKp3CMq9Eb0TF8TLsDne4
60re3Ru2vTJ7Ek0vD8uJGN,Hati Lain Di Hatimu,53,4.30585,3,https://open.spotify.com/track/60re3Ru2vTJ7Ek0vD8uJGN
1epEepUGw7yIuD9Uib7Yyc,Setia Menunggumu,49,4.14515,1,https://open.spotify.com/track/1epEepUGw7yIuD9Uib7Yyc
7FkUVXJAIgqrt7DlLsIWYT,Akhir Yang Manis,46,3.5933333333333333,6,https://open.spotify.com/track/7FkUVXJAIgqrt7DlLsIWYT
72DL0kjCGfA4qIDQnR88hT,Asumsi,69,4.361783333333333,4,https://open.spotify.com/track/72DL0kjCGfA4qIDQnR88hT
2ynOCFtTopgsgiP5KUxzKB,Menawan,53,3.7449833333333333,8,https://open.spotify.com/track/2ynOCFtTopgsgiP5KUxzKB
2X7qY0U8SXoEyL1PVNYIVQ,Kembali Kesepian,53,4.177033333333333,4,https://open.spotify.com/track/2X7qY0U8SXoEyL1PVNYIVQ
0DdWGRZZIBpEfBTAjij5sx,Cinta Begini,52,4.110916666666666,1,https://open.spotify.com/track/0DdWGRZZIBpEfBTAjij5sx
4yYxxNsZ6rJ5mR5kPgwqZ8,Maling,41,3.7510833333333333,9,https://open.spotify.com/track/4yYxxNsZ6rJ5mR5kPgwqZ8
7EO3sqVNMGmSp5N7uc50jd,Sini,40,3.980566666666667,10,https://open.spotify.com/track/7EO3sqVNMGmSp5N7uc50jd
4sWhNEayIKYEk401pZ1wlD,Cenayang,42,3.8901333333333334,5,https://open.spotify.com/track/4sWhNEayIKYEk401pZ1wlD
56qf9OsKlR4bYVPRpHNygv,Sedetik,38,4.037233333333333,7,https://open.spotify.com/track/56qf9OsKlR4bYVPRpHNygv
1Hu3xt1sUejYJlGAhDZti4,Sekarang,37,3.0784333333333334,3,https://open.spotify.com/track/1Hu3xt1sUejYJlGAhDZti4
0mOLyv1GL4sIuzVR1I92Fb,Adu Rayu,63,3.4616666666666664,1,https://open.spotify.com/track/0mOLyv1GL4sIuzVR1I92Fb
1wE4Iqv0tXXuZBA67PoGvw,Mantan Terindah,59,3.4711,2,https://open.spotify.com/track/1wE4Iqv0tXXuZBA67PoGvw
1drVngXHf4CtDpSnTbZ9cg,Apa Artinya Aku,59,4.033333333333333,1,https://open.spotify.com/track/1drVngXHf4CtDpSnTbZ9cg
2sjA4DTYveWwXo9aC62vWd,Kasih Putih,50,3.9048833333333333,5,https://open.spotify.com/track/2sjA4DTYveWwXo9aC62vWd
22CTRAXRcMo9gDG8mDOI84,Satu Mimpiku,48,4.3411,6,https://open.spotify.com/track/22CTRAXRcMo9gDG8mDOI84
52nlvStdjH3V5h4Kga8nTp,Bukan Sebuah Rindu,49,3.8663,1,https://open.spotify.com/track/52nlvStdjH3V5h4Kga8nTp
0720bfEE7w0diQAZUKHRev,Kekasih Sejati,45,3.216666666666667,2,https://open.spotify.com/track/0720bfEE7w0diQAZUKHRev
11HoyxwXVwWq6lj2Rv37CH,Saat Bahagia,67,4.151766666666667,7,https://open.spotify.com/track/11HoyxwXVwWq6lj2Rv37CH
4NOniDRyYcBjF6m1x3U8TK,Cinta Dalam Hati,64,4.722666666666667,12,https://open.spotify.com/track/4NOniDRyYcBjF6m1x3U8TK
4rHCqrJt6PJmR899XpDQNQ,Percaya Padaku,64,3.804666666666667,5,https://open.spotify.com/track/4rHCqrJt6PJmR899XpDQNQ
4CGpzrPjP0xaJfN9g9FN9A,Tercipta Untukku,63,4.426,9,https://open.spotify.com/track/4CGpzrPjP0xaJfN9g9FN9A
150GrtIUJF0IDT1KQb8JR8,Demi Waktu,62,5.125333333333334,2,https://open.spotify.com/track/150GrtIUJF0IDT1KQb8JR8
3y8fGS2K2SfCVXYJx1DJ1o,Kekasih Gelapku,59,4.7491,3,https://open.spotify.com/track/3y8fGS2K2SfCVXYJx1DJ1o
6ZQ5UsO10FVsglHGssVMCR,Aku Bukan Pilihan Hatimu,58,4.082883333333333,6,https://open.spotify.com/track/6ZQ5UsO10FVsglHGssVMCR
1lZsCFr5kZllJT0kmBCusy,Luka Disini,58,4.7351,9,https://open.spotify.com/track/1lZsCFr5kZllJT0kmBCusy
7vazJ9mJCeerIvhbLOp6Ie,Seperti Yang Dulu,57,4.374883333333333,4,https://open.spotify.com/track/7vazJ9mJCeerIvhbLOp6Ie
744hfEaqYWH8CEuGktNTGk,Sejauh Mungkin,56,4.556883333333333,11,https://open.spotify.com/track/744hfEaqYWH8CEuGktNTGk
7d0k5WtISq16iBlNOPjhne,Bagaimana Kalau Aku Tidak Baik Baik Saja,71,3.86065,1,https://open.spotify.com/track/7d0k5WtISq16iBlNOPjhne
5pzblRSSo6YWd2dQR3sp2m,Aku Yang Tersakiti,68,4.044,5,https://open.spotify.com/track/5pzblRSSo6YWd2dQR3sp2m
1apPmtDyQfYTtsMdfziIdN,Sampai Akhir (feat. DuMa),66,3.4166666666666665,14,https://open.spotify.com/track/1apPmtDyQfYTtsMdfziIdN
29gdEEyeHC9ypmvQkohY4N,Jikalau Kau Cinta,65,4.049033333333333,6,https://open.spotify.com/track/29gdEEyeHC9ypmvQkohY4N
5dhJhL42WWQLYBUTbMtLF7,Bukan Dia Tapi Aku,62,4.602433333333333,4,https://open.spotify.com/track/5dhJhL42WWQLYBUTbMtLF7
7HBW6yX8iRf81nn6NVOzHL,Putus Atau Terus,56,4.14705,1,https://open.spotify.com/track/7HBW6yX8iRf81nn6NVOzHL
6LCUtFPXCtwlakxZXekd6D,Tak Mungkin Bersama,58,4.38535,1,https://open.spotify.com/track/6LCUtFPXCtwlakxZXekd6D
7KRaGWguQmNRKHVROCInCS,Cinta Karena Cinta,57,3.85975,1,https://open.spotify.com/track/7KRaGWguQmNRKHVROCInCS
2pr0hYPn28UOZlmGzP1QI1,Setengah Mati Merindu,56,4.592883333333333,2,https://open.spotify.com/track/2pr0hYPn28UOZlmGzP1QI1
6D1e7qG3MSlZ73xbw3Lm3p,Sampai Kau Jadi Milikku,52,3.26595,4,https://open.spotify.com/track/6D1e7qG3MSlZ73xbw3Lm3p
3aClK9EBpl7QeYEuOq1eMI,L,76,3.68085,3,https://open.spotify.com/track/3aClK9EBpl7QeYEuOq1eMI
2m1ozXAKFam3YQXRPDnEfE,terima kasih,73,3.4021,1,https://open.spotify.com/track/2m1ozXAKFam3YQXRPDnEfE
0nHyzzzsvGMoyAx0b1Ossp,L (midnight version),45,3.7,1,https://open.spotify.com/track/0nHyzzzsvGMoyAx0b1Ossp
3WnI2EOXScASf92nx2GQMy,Pendengar Setiamu,44,4.318416666666667,2,https://open.spotify.com/track/3WnI2EOXScASf92nx2GQMy
0LIuHTuh9lSjK3SXIO3P4g,Bagaimana Bisa Seseorang,39,4.066666666666666,1,https://open.spotify.com/track/0LIuHTuh9lSjK3SXIO3P4g
6uRzk0Fn3DZ1lzZrZVCvY5,Senin Pagi Di Bulan Juli,39,4.767533333333334,2,https://open.spotify.com/track/6uRzk0Fn3DZ1lzZrZVCvY5
7l0CQZ7tdA85ACYnbQPOPV,Delusi,38,4.4971,1,https://open.spotify.com/track/7l0CQZ7tdA85ACYnbQPOPV
29Da1O9npphlbcfDSDwfeC,Manipulatif,37,5.969216666666667,3,https://open.spotify.com/track/29Da1O9npphlbcfDSDwfeC
7sqv8Eqs0gW6GHVTx20WNm,Malang,36,4.843466666666667,1,https://open.spotify.com/track/7sqv8Eqs0gW6GHVTx20WNm
1kFSvtWBgBbW42c2skP9ez,Di Meja Kopian,36,4.188883333333333,1,https://open.spotify.com/track/1kFSvtWBgBbW42c2skP9ez
2iohTvlcBjbzJ8gddFOTqi,Jangan Hilangkan Dia,62,4.300433333333333,7,https://open.spotify.com/track/2iohTvlcBjbzJ8gddFOTqi
4AsLXLOI78A8rxg0lx2qAv,Pudar,58,3.0111,4,https://open.spotify.com/track/4AsLXLOI78A8rxg0lx2qAv
2DonLaO8H1Pa6MbuM2wbkf,Aku Bukan Untukmu,61,4.024883333333333,2,https://open.spotify.com/track/2DonLaO8H1Pa6MbuM2wbkf
7cVYJQR7zQLCMTFboADEXo,Ayat-Ayat Cinta,56,3.77955,13,https://open.spotify.com/track/7cVYJQR7zQLCMTFboADEXo
4L6lkjVqEg17sOmzhcK0F3,Takkan Berpaling DariMu,57,3.8397666666666668,8,https://open.spotify.com/track/4L6lkjVqEg17sOmzhcK0F3
5vkmkOfrrAGHbGZp2WMDu6,Atas Nama Cinta,57,4.058216666666667,2,https://open.spotify.com/track/5vkmkOfrrAGHbGZp2WMDu6
6M0kUQmJrBA051qhtSMWxs,Terlanjur Cinta,54,4.421333333333333,3,https://open.spotify.com/track/6M0kUQmJrBA051qhtSMWxs
5JvRWSc7TyIj4YtNqps5rP,Hey Ladies,55,3.2091,1,https://open.spotify.com/track/5JvRWSc7TyIj4YtNqps5rP
0BrH4b7su9uLELM1h5Xlzw,Tapi Bukan Aku,70,4.511183333333333,8,https://open.spotify.com/track/0BrH4b7su9uLELM1h5Xlzw
6l9L0ssWzD5XI1aJgVFpaS,Mengenangmu,69,4.6249666666666664,3,https://open.spotify.com/track/6l9L0ssWzD5XI1aJgVFpaS
2SscarnRY3zdkORvPu9JGZ,Demi Cinta,66,4.7079,5,https://open.spotify.com/track/2SscarnRY3zdkORvPu9JGZ
5v3yHNK2lYzS3gMPlsugoP,Bila Rasaku Ini Rasamu,65,4.545116666666667,2,https://open.spotify.com/track/5v3yHNK2lYzS3gMPlsugoP
5NmrJDP3qgv52028oIDRor,Aku Harus Jujur,62,4.4438,2,https://open.spotify.com/track/5NmrJDP3qgv52028oIDRor
3EQ3PxdbrwVSRGrUjTVptK,Tak Lekang Oleh Waktu,59,4.4360333333333335,6,https://open.spotify.com/track/3EQ3PxdbrwVSRGrUjTVptK
7xroALtpPO6GDZe8teymEc,Kesalahan Yang Sama,52,4.2467,3,https://open.spotify.com/track/7xroALtpPO6GDZe8teymEc
6OuN3su7lVAD7YvHZiAt8l,Lagu Rindu,52,4.660183333333333,4,https://open.spotify.com/track/6OuN3su7lVAD7YvHZiAt8l
3y20ignzB4q3CogSdYymUY,Kejujuran Hati,51,6.004616666666666,1,https://open.spotify.com/track/3y20ignzB4q3CogSdYymUY
3FjhWR06XYtt1aSGWTamt3,Tertatih,50,4.5651,1,https://open.spotify.com/track/3FjhWR06XYtt1aSGWTamt3
1k1e4Amkn7hIFrEthtazqT,Tutur Batin,69,3.593183333333333,7,https://open.spotify.com/track/1k1e4Amkn7hIFrEthtazqT
4HXUMRdT6s6Am6YHcWmuib,Cinta Dan Rahasia,69,4.367666666666667,3,https://open.spotify.com/track/4HXUMRdT6s6Am6YHcWmuib
0mMqopQJOWADJSPRMYkvTF,Dunia Tipu-Tipu,67,3.645583333333333,1,https://open.spotify.com/track/0mMqopQJOWADJSPRMYkvTF
7lr82r1RMJudgcKQ8y7H9K,Tenang,53,4.13,6,https://open.spotify.com/track/7lr82r1RMJudgcKQ8y7H9K
1ado6H8nwj0izGVinobwuP,Jalan Pulang,55,3.613916666666667,1,https://open.spotify.com/track/1ado6H8nwj0izGVinobwuP
4BLpx15uqj0UykcYPXALGO,Intuisi,54,4.0043,6,https://open.spotify.com/track/4BLpx15uqj0UykcYPXALGO
4K0YdYv8a6UC9fWi9hV5MH,Berawal Dari Tatap,54,4.362,9,https://open.spotify.com/track/4K0YdYv8a6UC9fWi9hV5MH
6nPZx4xtBSX1x641ktitSY,Harus Bahagia,50,2.8968166666666666,1,https://open.spotify.com/track/6nPZx4xtBSX1x641ktitSY
25A5aUq56zPyiw583hOb5z,Lihatlah Lebih Dekat,48,4.4123,1,https://open.spotify.com/track/25A5aUq56zPyiw583hOb5z
5H60BCrbWBocSIAoZwjxwD,Wanita Masih Banyak,69,3.87685,5,https://open.spotify.com/track/5H60BCrbWBocSIAoZwjxwD
1J9Osz5GGXCkJlx3LUVPVp,Hilang Harapan,67,3.92355,6,https://open.spotify.com/track/1J9Osz5GGXCkJlx3LUVPVp
62thhXr3NIiZrn0xbBHaZo,Introvert,65,3.2,1,https://open.spotify.com/track/62thhXr3NIiZrn0xbBHaZo
5bvLKnz3flORVpmBYcPwUU,Indah Tak Sempurna,62,3.68,1,https://open.spotify.com/track/5bvLKnz3flORVpmBYcPwUU
2rj9nnNMZQNs2pZAPWuvze,Kita Lawan Mereka,62,3.4769666666666668,1,https://open.spotify.com/track/2rj9nnNMZQNs2pZAPWuvze
7x3BRHLIcbJ5ZJomHvxKTt,Mantan,59,3.6264666666666665,1,https://open.spotify.com/track/7x3BRHLIcbJ5ZJomHvxKTt
3u53sM4xrdWl0uDLzcFm6x,Korban Lelaki,58,3.363933333333333,1,https://open.spotify.com/track/3u53sM4xrdWl0uDLzcFm6x
5lHE26RSPc78V4G59MsVjG,Jav,57,3.0008833333333333,1,https://open.spotify.com/track/5lHE26RSPc78V4G59MsVjG
4tWZkNLe7V7GtBt07MJ5FU,Move On,54,3.5141333333333336,7,https://open.spotify.com/track/4tWZkNLe7V7GtBt07MJ5FU
4B95kQ79zGH2Qe6FqWyk5e,Dustai,50,3.7416666666666667,1,https://open.spotify.com/track/4B95kQ79zGH2Qe6FqWyk5e
0O6g2QFUhuLqRzGqhyzrIu,Hitam Putih,70,4.183333333333334,3,https://open.spotify.com/track/0O6g2QFUhuLqRzGqhyzrIu
2tO8xKwSF82hUZp0sOMLM6,Aku Tenang,66,3.8331,1,https://open.spotify.com/track/2tO8xKwSF82hUZp0sOMLM6
4lfAvFv8roumWVKXhHF8uN,"Zona Nyaman (From ""Filosofi Kopi 2: Ben & Jody"")",66,4.056883333333333,2,https://open.spotify.com/track/4lfAvFv8roumWVKXhHF8uN
463XKKFCPlcrhtlwGbEovu,Fana Merah Jambu,63,5.9771,6,https://open.spotify.com/track/463XKKFCPlcrhtlwGbEovu
4e6TmHCC4PRUj75knNplNP,Mangu,58,4.3508,9,https://open.spotify.com/track/4e6TmHCC4PRUj75knNplNP
3diD8b3u6oEn74BezQpujj,Kusut,57,4.333383333333333,3,https://open.spotify.com/track/3diD8b3u6oEn74BezQpujj
6rqBU69B3nvGLDZnMOQXmq,Kursi Goyang,54,3.892,8,https://open.spotify.com/track/6rqBU69B3nvGLDZnMOQXmq
7hDz9rpfvNQuobFKiSfzgF,Nematomorpha,55,3.7471833333333335,7,https://open.spotify.com/track/7hDz9rpfvNQuobFKiSfzgF
5glgyj6zH0irbNGfukHacv,Aku Mencintai Traumaku,54,2.8128,1,https://open.spotify.com/track/5glgyj6zH0irbNGfukHacv
7K8XqyT1oguoA5N86YRHAY,Realita,54,3.3585666666666665,5,https://open.spotify.com/track/7K8XqyT1oguoA5N86YRHAY
2X62SjtuwVQiGiZvZZ9Ztr,Rapsodi,66,3.977866666666667,1,https://open.spotify.com/track/2X62SjtuwVQiGiZvZZ9Ztr
7q4zdBAgLFETdnslE7Z0Eq,Seventeen,59,3.76,2,https://open.spotify.com/track/7q4zdBAgLFETdnslE7Z0Eq
1W3ufHAL2XuSKqjkBRewrh,Fortune Cookie Yang Mencinta,57,4.7162,4,https://open.spotify.com/track/1W3ufHAL2XuSKqjkBRewrh
6T9Mo2AWa9JeMdlW8VLKJ8,Jurus Rahasia Teleport,56,3.6782166666666667,2,https://open.spotify.com/track/6T9Mo2AWa9JeMdlW8VLKJ8
3dqeB38vVaC5pmf8SsvhoK,Heavy Rotation,55,4.710216666666667,1,https://open.spotify.com/track/3dqeB38vVaC5pmf8SsvhoK
73fHRZD78M67KShlr2Xz4l,365 Nichi No Kamihikouki - Pesawat Kertas 365 Hari,54,4.682366666666667,1,https://open.spotify.com/track/73fHRZD78M67KShlr2Xz4l
6e5cdBxlXNYkSEznGzZfnI,Honest Man,53,3.897133333333333,5,https://open.spotify.com/track/6e5cdBxlXNYkSEznGzZfnI
2ZxzbNZtfya4xAhO7IqswC,Only Today,53,4.2995,11,https://open.spotify.com/track/2ZxzbNZtfya4xAhO7IqswC
7y7SlT7zmbebEfzFoLCFfv,Ingin Bertemu,53,3.88,8,https://open.spotify.com/track/7y7SlT7zmbebEfzFoLCFfv
2k7cxrmYo5sYdaJn4125St,Magic Hour,52,3.1439333333333335,1,https://open.spotify.com/track/2k7cxrmYo5sYdaJn4125St
1jdTmewGT2IcFxGnwZgLKa,Dua Sedjoli,63,5.406666666666666,3,https://open.spotify.com/track/1jdTmewGT2IcFxGnwZgLKa
6LVz9rEORZOXopyaXN9FXp,Satu,61,4.7762166666666666,3,https://open.spotify.com/track/6LVz9rEORZOXopyaXN9FXp
7jOFzcYm74WaqS79ApFGhN,Arjuna,61,5.22555,1,https://open.spotify.com/track/7jOFzcYm74WaqS79ApFGhN
3dq7P5E95LStGTQ3XejQIl,Pangeran Cinta,58,4.6771,1,https://open.spotify.com/track/3dq7P5E95LStGTQ3XejQIl
4huqghnepsIzBA01HfaAG3,Cemburu,54,3.121766666666667,6,https://open.spotify.com/track/4huqghnepsIzBA01HfaAG3
4SBtl9yUdMjc8erkDiKzxG,Lagu Cinta,54,4.447766666666666,8,https://open.spotify.com/track/4SBtl9yUdMjc8erkDiKzxG
50eBgQYY23rTTIoHVDuSIw,Mistikus Cinta,55,5.632883333333333,3,https://open.spotify.com/track/50eBgQYY23rTTIoHVDuSIw
2JqsSFo6HqOxnmxBtHfNY6,Aku Yang Jatuh Cinta,78,3.2723833333333334,1,https://open.spotify.com/track/2JqsSFo6HqOxnmxBtHfNY6
3vL1XiH3NywbIFaq8w3rJG,Laksana Surgaku,66,3.6476,1,https://open.spotify.com/track/3vL1XiH3NywbIFaq8w3rJG
41e8w4f1X5ynQvrjBbaEXP,Bukan Hati Yang Kutunggu,42,3.683333333333333,1,https://open.spotify.com/track/41e8w4f1X5ynQvrjBbaEXP
0MRi6SDjgwP2TBRFHAxjsS,Kisah Galau,35,4.1694,2,https://open.spotify.com/track/0MRi6SDjgwP2TBRFHAxjsS
4KfqEiYevHB06BygAeC1lF,Aku Menunggumu,34,4.3636333333333335,1,https://open.spotify.com/track/4KfqEiYevHB06BygAeC1lF
5rvka0l7G0oZbTbu9K3xoU,Sesungguhnya Aku,33,4.201666666666667,5,https://open.spotify.com/track/5rvka0l7G0oZbTbu9K3xoU
6HvFJkUMOqRI83UphVWbCi,Dia Yang Kau Pilih,30,3.3983333333333334,1,https://open.spotify.com/track/6HvFJkUMOqRI83UphVWbCi
4MGZp7XTVv1tr1xIFTTVfq,Kau Buatku Menangis,28,4.551116666666666,1,https://open.spotify.com/track/4MGZp7XTVv1tr1xIFTTVfq
0PFkVz0ZtkXfvVqusi2vhj,Seisi Hati,27,3.5941833333333335,1,https://open.spotify.com/track/0PFkVz0ZtkXfvVqusi2vhj
0Bn3iFvYJ4ftqbHW8fE7D1,Ku Harus,27,4.318266666666666,4,https://open.spotify.com/track/0Bn3iFvYJ4ftqbHW8fE7D1
6vkwqlK4h0rgpIgL9tChaz,Kamu Ngga Sendirian,63,4.6706666666666665,3,https://open.spotify.com/track/6vkwqlK4h0rgpIgL9tChaz
3ftgXUTr0zAZLQsckXH6Cw,Boyband,63,3.8404333333333334,2,https://open.spotify.com/track/3ftgXUTr0zAZLQsckXH6Cw
1VqpUh3Qykgmr8snpr54An,Genit,61,3.1877666666666666,3,https://open.spotify.com/track/1VqpUh3Qykgmr8snpr54An
06CZctheMwPh3Q9hO2S89a,Selamat Jalan,61,4.454433333333333,10,https://open.spotify.com/track/06CZctheMwPh3Q9hO2S89a
25Sk65Rg036j9sr1eSOm8l,Mawar Hitam,61,4.4971,7,https://open.spotify.com/track/25Sk65Rg036j9sr1eSOm8l
6O3LRhurLdkBNeAjXer6ye,Salam Rindu,60,3.7322166666666665,2,https://open.spotify.com/track/6O3LRhurLdkBNeAjXer6ye
2DaGE6g765tbp2MTmYCZs2,Sakit Hati,57,3.71,1,https://open.spotify.com/track/2DaGE6g765tbp2MTmYCZs2
0ulmJXkjt9ReyOhYorSEBR,Melati Aku Benci Kamu,55,3.4704333333333333,1,https://open.spotify.com/track/0ulmJXkjt9ReyOhYorSEBR
6N886u0WmowW9EmcSxQIV8,Tanda-Tanda Patah Hati,53,3.2837666666666667,5,https://open.spotify.com/track/6N886u0WmowW9EmcSxQIV8
2hUXm5Pskc2QZR9YhMuwO0,Cerita Tahun Lalu,52,3.9192666666666667,1,https://open.spotify.com/track/2hUXm5Pskc2QZR9YhMuwO0
5ljSDO6UpH02bQllrMR4Al,Karena Kamu,71,3.9086833333333333,11,https://open.spotify.com/track/5ljSDO6UpH02bQllrMR4Al
42N27sa7uU9kJtj8NKCznx,Cinta Dan Benci,65,4.209,1,https://open.spotify.com/track/42N27sa7uU9kJtj8NKCznx
7vcoZ5pFHObFaToqGNtTlB,Lumpuhkan Ingatanku,64,4.297233333333334,2,https://open.spotify.com/track/7vcoZ5pFHObFaToqGNtTlB
2JLdXUhCP7JPHBVccphHId,Jika Cinta Dia,62,4.174933333333334,1,https://open.spotify.com/track/2JLdXUhCP7JPHBVccphHId
5IALszEIwLyg6lsw0LvA5H,Sementara Sendiri,59,3.63005,1,https://open.spotify.com/track/5IALszEIwLyg6lsw0LvA5H
7N2iHqv7uTnxwuyOPrWCG0,Tak Kan Pernah Ada,59,3.5758666666666667,4,https://open.spotify.com/track/7N2iHqv7uTnxwuyOPrWCG0
4ytRZskZqTDjN00xvshW0g,Pergi Saja,57,4.0263333333333335,10,https://open.spotify.com/track/4ytRZskZqTDjN00xvshW0g
2fiQmriqLoHuIxJDu0JUIA,Kamu Yang Pertama,54,3.0588333333333333,2,https://open.spotify.com/track/2fiQmriqLoHuIxJDu0JUIA
7aoIJLDsW3jffzFJzQbmuN,Selalu Salah,50,4.0712166666666665,3,https://open.spotify.com/track/7aoIJLDsW3jffzFJzQbmuN
5MkEW02j6Lu7uMxaieHxVZ,Kasmaran,44,4.359366666666666,1,https://open.spotify.com/track/5MkEW02j6Lu7uMxaieHxVZ
3puYuuZ7lmlTjIgXBOT01k,Pilihanku,66,3.4384333333333332,4,https://open.spotify.com/track/3puYuuZ7lmlTjIgXBOT01k
4jlhUj1aT0IxzaodNEV7xs,Senja Teduh Pelita,63,4.510666666666666,1,https://open.spotify.com/track/4jlhUj1aT0IxzaodNEV7xs
45A0Se2c4HciOCyB5Z0XJJ,Kita Bikin Romantis,54,3.945866666666667,5,https://open.spotify.com/track/45A0Se2c4HciOCyB5Z0XJJ
1a2Y5fGmSfqgysvDL5hT1q,Dia,61,4.383766666666666,1,https://open.spotify.com/track/1a2Y5fGmSfqgysvDL5hT1q
6cMVQgMRy4pMpSEyg2xd5z,Semoga,61,4.488333333333333,5,https://open.spotify.com/track/6cMVQgMRy4pMpSEyg2xd5z
6zqzQuWvPU4fvgOWq9mloU,Aduh,53,3.281616666666667,3,https://open.spotify.com/track/6zqzQuWvPU4fvgOWq9mloU
567Jxm3NtelQH6Kq0sBQ0Q,Setapak Sriwedari,58,4.16955,2,https://open.spotify.com/track/567Jxm3NtelQH6Kq0sBQ0Q
4yTEKXWBDWoazJWrjii0Hk,Begini Begitu,58,3.14685,6,https://open.spotify.com/track/4yTEKXWBDWoazJWrjii0Hk
2Ed6kWWpqHImcfDNPIYi5C,Menari,57,5.234883333333333,7,https://open.spotify.com/track/2Ed6kWWpqHImcfDNPIYi5C
2Ewg3ny0fKHg093P08CDUw,Rindu Dalam Hati,56,4.5948,12,https://open.spotify.com/track/2Ewg3ny0fKHg093P08CDUw
6XnTeuUZhzXYMDGRkJcNVt,Bahaya,56,4.333333333333333,11,https://open.spotify.com/track/6XnTeuUZhzXYMDGRkJcNVt
33jdVWkIhm0nHZou44xawl,Dengan Caraku,53,4.54385,6,https://open.spotify.com/track/33jdVWkIhm0nHZou44xawl
6x3s7qNHUx8TQQFbHskOr1,Terindah Di Dunia,49,4.203416666666667,4,https://open.spotify.com/track/6x3s7qNHUx8TQQFbHskOr1
2sR4APGXRA2y0hqFGnFidN,Damaikan Dunia,46,3.45,1,https://open.spotify.com/track/2sR4APGXRA2y0hqFGnFidN
0PhZCGSXXv4kuTmhbLuIcc,Diam - Diam,45,3.7918166666666666,1,https://open.spotify.com/track/0PhZCGSXXv4kuTmhbLuIcc
79AlxPlv70kuRlsi2eZsnV,Asal Kau Bahagia,66,4.085766666666666,8,https://open.spotify.com/track/79AlxPlv70kuRlsi2eZsnV
4o6EhGQmzoQZgwYqI6WD5s,Apa Kabar Sayang,64,4.396216666666667,5,https://open.spotify.com/track/4o6EhGQmzoQZgwYqI6WD5s
4NO6tr1qkrDQWgz0IEyxwE,Harusnya Aku,63,4.7051,3,https://open.spotify.com/track/4NO6tr1qkrDQWgz0IEyxwE
7gWcfdZVM1uunqG6trmQVG,Mabuk Cinta,63,3.9917666666666665,3,https://open.spotify.com/track/7gWcfdZVM1uunqG6trmQVG
1N9KSlqlBbPF0NNYWtttma,Hargai Aku,61,4.08955,7,https://open.spotify.com/track/1N9KSlqlBbPF0NNYWtttma
2CulJODngVvPoLtQrZVWoy,Mau Dibawa Kemana,60,3.9928833333333333,5,https://open.spotify.com/track/2CulJODngVvPoLtQrZVWoy
3TBFMVl8kkpizYrO9lYHje,Pergi Pagi Pulang Pagi,59,3.550883333333333,8,https://open.spotify.com/track/3TBFMVl8kkpizYrO9lYHje
2uy1RsdzULhpzJCiWoTlK3,Buka Hatimu,58,4.580433333333334,3,https://open.spotify.com/track/2uy1RsdzULhpzJCiWoTlK3
6v9LrcHY72rvk1HtKOeAwj,Penantian,57,4.152433333333334,6,https://open.spotify.com/track/6v9LrcHY72rvk1HtKOeAwj
1lxnMQ0KJwOAkKXRKaLZsN,Bebaskan Diriku,56,4.082433333333333,8,https://open.spotify.com/track/1lxnMQ0KJwOAkKXRKaLZsN
0zJIPpVcHKWqmf2FaKXbQQ,Kenanglah Aku,71,4.01,2,https://open.spotify.com/track/0zJIPpVcHKWqmf2FaKXbQQ
6BoyG3bQ8rjDdqatMg5IWM,Akhirnya Ku Menemukanmu,67,5.10355,2,https://open.spotify.com/track/6BoyG3bQ8rjDdqatMg5IWM
4bf1MapeofdB3XKUqDMUOm,Kau Masih Kekasihku,65,4.752883333333333,3,https://open.spotify.com/track/4bf1MapeofdB3XKUqDMUOm
75oKENo18qceQGUKA7fZGc,Terendap Laraku,65,5.156,3,https://open.spotify.com/track/75oKENo18qceQGUKA7fZGc
5DJilCqGJFPyTpXyYGzOL5,Tak Seindah Cinta Yang Semestinya,59,4.156666666666666,2,https://open.spotify.com/track/5DJilCqGJFPyTpXyYGzOL5
3n9Rplkkr17DE8EWJ8nWiz,Bila Nanti Kau Milikku,48,4.943333333333333,3,https://open.spotify.com/track/3n9Rplkkr17DE8EWJ8nWiz
2IOv9Vyl6CzcgYQ8EDQqIz,Dosa Apa,47,4.464666666666667,2,https://open.spotify.com/track/2IOv9Vyl6CzcgYQ8EDQqIz
2Op2N8IzE1plfE7VxlssVt,Ketika Semuanya Harus Berakhir,45,4.322433333333334,12,https://open.spotify.com/track/2Op2N8IzE1plfE7VxlssVt
68JSq7FPxnLiommik8RzfF,Kaulah Hidup dan Matiku,44,4.943333333333333,3,https://open.spotify.com/track/68JSq7FPxnLiommik8RzfF
2BLTBuO5k4UhIze1NurG08,Sebaiknya,44,4.3533333333333335,12,https://open.spotify.com/track/2BLTBuO5k4UhIze1NurG08
5b0NpyYAwW2dUGL08ir7Bg,Hingga Tua Bersama,67,4.515433333333333,1,https://open.spotify.com/track/5b0NpyYAwW2dUGL08ir7Bg
5S8TtEVuFPY9XEjg2hNWHa,Terlukis Indah,64,3.79325,1,https://open.spotify.com/track/5S8TtEVuFPY9XEjg2hNWHa
18tLvggTFEZuzLdcnuej2u,Kesempurnaan Cinta,62,3.6003166666666666,1,https://open.spotify.com/track/18tLvggTFEZuzLdcnuej2u
3TuWleBiR3aQaiwFZg9gg9,Tak Ingin Pisah Lagi,57,4.425683333333334,4,https://open.spotify.com/track/3TuWleBiR3aQaiwFZg9gg9
6m1HyCmA5jt4Uy0mrS757Y,Seperti Kisah,59,4.650516666666666,1,https://open.spotify.com/track/6m1HyCmA5jt4Uy0mrS757Y
16kiuKjacDC4bFX9flnLA6,Penantian Berharga,55,3.6485,1,https://open.spotify.com/track/16kiuKjacDC4bFX9flnLA6
7epRdWkt0hSeQd6AmZDqkY,Cuek,54,4.031983333333334,1,https://open.spotify.com/track/7epRdWkt0hSeQd6AmZDqkY
0RDuzh0Dqy8vXmyCWqFiDD,Ragu,54,3.5109666666666666,4,https://open.spotify.com/track/0RDuzh0Dqy8vXmyCWqFiDD
3yDaw1mQrhDSAOCZTF01KD,Makna Cinta,54,3.452933333333333,1,https://open.spotify.com/track/3yDaw1mQrhDSAOCZTF01KD
08pqX1H8bGoV767lzfUDKG,P.U.S.P.A.,66,3.2704333333333335,1,https://open.spotify.com/track/08pqX1H8bGoV767lzfUDKG
0wlZGWWK9M6KRHky1IfBYZ,Putri Iklan,64,4.003333333333333,4,https://open.spotify.com/track/0wlZGWWK9M6KRHky1IfBYZ
1at0dTYo8Z3G1q3KnI3nxH,Cari Pacar Lagi,64,3.5733333333333333,3,https://open.spotify.com/track/1at0dTYo8Z3G1q3KnI3nxH
1oVEttWIOMh2bHHbmzLL4O,Jangan Pernah Berubah,63,4.056666666666667,2,https://open.spotify.com/track/1oVEttWIOMh2bHHbmzLL4O
7HQHopoa9BdKlGkCOgqMXO,Aku Masih Sayang,61,3.6548833333333333,6,https://open.spotify.com/track/7HQHopoa9BdKlGkCOgqMXO
1wBJZhEJ4Y8dFtW1H7tTHF,Rasa Yang Tertinggal,60,4.1066666666666665,2,https://open.spotify.com/track/1wBJZhEJ4Y8dFtW1H7tTHF
5M2AqedKNrboiOVKAZsRUm,Saat Terakhir,59,4.76,6,https://open.spotify.com/track/5M2AqedKNrboiOVKAZsRUm
77RJljGYUt9CvHEk3TQeSd,Aku Terjatuh,57,4.3053333333333335,8,https://open.spotify.com/track/77RJljGYUt9CvHEk3TQeSd
0HkQl75epTEkkXVA0V05l3,Cinta Tak Harus Memiliki,56,4.5277666666666665,1,https://open.spotify.com/track/0HkQl75epTEkkXVA0V05l3
5NjeepOsEiso6ER76KrOGo,Terlalu,52,4.225766666666667,1,https://open.spotify.com/track/5NjeepOsEiso6ER76KrOGo
